Business Box,METER BOX,BA1,502,BOX800474,375049,164988,BA COLL - BATH,2603,Business Box,17:45,12:00,51.3833761320661,-2.35992200271225
Post Office Network Outlet,BATH BO,BA1,,,375042,164982,51.3833218742729,-2.3600221636952
Post Office Network Outlet,BATHEASTON SPSO,BA1,,,378024,167435,51.4055018166223,-2.31732570922149
Post Office Network Outlet,LOWER WESTON SPSO,BA1,,,373040,165086,51.3841650065019,-2.38879717268277
Post Office Network Outlet,LARKHALL SPSO,BA1,,,376062,166470,51.3967452757521,-2.3454663693219
Post Office Network Outlet,WESTON POST OFFICE,BA1,,,372754,166479,51.3966762934021,-2.39301418928361
Post Office Network Outlet,BATHAMPTON SPSO,BA2,,,377731,166078,51.3932889382486,-2.32145233317462
Post Office Network Outlet,BEAR FLAT P.O.,BA2,,,374563,163933,51.3738684979978,-2.36682955758128
Post Office Network Outlet,BRADFORD ROAD SPSO,BA2,,,375025,162289,51.3591071452387,-2.3600763202405
Post Office Network Outlet,CORSTON SPSO,BA2,,,369495,165422,51.3870059085608,-2.43976549949059
Post Office Network Outlet,HINTON CHARTERHOUSE SPS,BA2,,,377177,158158,51.3220541200154,-2.32890385126169
Post Office Network Outlet,WEDGEWOOD ROAD SPSO,BA2,,,371963,164215,51.3762811036757,-2.40420398989395
Post Office Network Outlet,TWERTON ON AVON SPSO,BA2,,,372655,164592,51.3797047578784,-2.39429120534435
Post Office Network Outlet,TIMSBURY SPSO,BA2,,,366855,158672,51.326165780952,-2.47707155442918
Post Office Network Outlet,THE UNIVERSITY SPSO,BA2,,,377083,164651,51.380432196295,-2.33067307081585
Post Office Network Outlet,ODD DOWN SPSO,BA2,,,373732,162397,51.360019639642,-2.37865389010512
Post Office Network Outlet,PEASEDOWN ST JOHN SPSO,BA2,,,370311,157451,51.3153788305094,-2.42737168847385
Post Office Network Outlet,MOORFIELDS SPSO,BA2,,,373716,164357,51.3776421102678,-2.37902925115243
Collection Unit,BA COLL - BATH,BA1,,,375348,164493,,2603,51.3789384957468,-2.35559108682346
Pillar Box,SOUTH LEA ROAD,BA1,261,BOX801516,372502,165861,BA COLL - BATH,2603,B Type,17:30,12:00,51.3911074113462,-2.39658818970811
Pillar Box,PENN LEA ROAD,BA1,63,BOX800167,372585,165557,BA COLL - BATH,2603,B Type,17:30,12:00,51.3883780632151,-2.39537177391849
Pillar Box,PARTIS COLLEGE,BA1,8,BOX800164,372391,165633,BA COLL - BATH,2603,A Type,17:30,12:00,51.3890519633667,-2.39816563013253
Pillar Box,YEOMEDE PARK P.O.,BA1,1019,BOX800259,372105,165582,BA COLL - BATH,2603,Penfold,17:30,11:45,51.3885793575145,-2.40227169365539
Pillar Box,NEWBRIDGE ROAD,BA1,168,BOX800589,372682,165112,BA COLL - BATH,2603,B Type,17:30,11:45,51.3843815911236,-2.39394343285116
Pillar Box,NEWBRIDGE HILL,BA1,187,BOX800145,372912,165373,BA COLL - BATH,2603,B Type,17:30,12:00,51.3867394168393,-2.39065844471098
Pillar Box,APSLEY ROAD (BOTTOM),BA1,295,BOX800003,372459,165294,BA COLL - BATH,2603,B Type,17:30,11:45,51.3860072012941,-2.39716200109524
Pillar Box,BRASSMILL LANE,BA1,322,BOX801517,372350,165045,BA COLL - BATH,2603,B Type,17:15,11:45,51.3837630228602,-2.39870886119873
Pillar Box,EASTFIELD AVENUE,BA1,158,BOX800072,372594,166984,BA COLL - BATH,2603,B Type,17:30,12:30,51.4012091965951,-2.39535309141214
Pillar Box,VERNSLADE,BA1,228,BOX800237,372535,166648,BA COLL - BATH,2603,K Type,17:30,12:30,51.3981852305319,-2.39617508411666
Pillar Box,TRAFALGAR ROAD,BA1,49,BOX800226,372963,166610,BA COLL - BATH,2603,Lamp Box Pier,17:30,12:30,51.3978642060744,-2.39002018426205
Pillar Box,CHANDLER CLOSE,BA1,346,BOX800038,372595,166220,BA COLL - BATH,2603,Lamp Box Pier,17:30,12:30,51.3943398356276,-2.39527946567238
Pillar Box,PENN HILL ROAD,BA1,274,BOX800166,372254,166074,BA COLL - BATH,2603,Lamp Box Pier,17:30,12:00,51.393010451326,-2.40016905999537
Pillar Box,DUNCAN GARDENS,BA1,333,BOX800068,372304,167356,BA COLL - BATH,2603,B Type,17:30,12:30,51.4045398376546,-2.39955093199948
Pillar Box,CHAPEL FARM,BA1,11,BOX800039,372603,168676,BA COLL - BATH,2603,Lamp Box Pier,10:00,09:00,51.4164230086809,-2.39535498463447
Pillar Box,LANGRIDGE LANE,BA1,265,BOX800113,372903,169349,BA COLL - BATH,2603,Lamp Box Pier,10:30,09:30,51.4224886638517,-2.39109279915373
Pillar Box,KELSTON,BA1,62,BOX800108,370039,167123,BA COLL - BATH,2603,Lamp Box Pier,16:00,09:15,51.4023292646894,-2.43209223718001
Pillar Box,NORTHSTOKE,BA1,138,BOX800156,370137,169101,BA COLL - BATH,2603,Lamp Box Pier,16:00,08:45,51.4201192695617,-2.43085071480718
Pillar Box,CLEEVE HILL,BA1,51,BOX800049,371634,166132,BA COLL - BATH,2603,B Type,16:00,10:00,51.393501165807,-2.40908445544532
Pillar Box,LOCKSBROOK ROAD,BA1,209,BOX800122,372944,164933,BA COLL - BATH,2603,B Type,17:15,11:45,51.3827847342051,-2.39016493173038
Pillar Box,AUDLEY PARK ROAD,BA1,182,BOX800006,373563,165504,BA COLL - BATH,2603,B Type,17:30,13:00,51.3879481237927,-2.3813132140234
Pillar Box,WESTON ROAD,BA1,58,BOX800249,373770,165659,BA COLL - BATH,2603,A Type,17:30,12:45,51.3893514396358,-2.37834999582592
Pillar Box,COMBE PARK,BA1,50,BOX800056,373004,165627,BA COLL - BATH,2603,B Type,17:30,11:30,51.3890276339124,-2.38935577836687
Pillar Box,WESTON PARK,BA1,80,BOX800248,373432,165876,BA COLL - BATH,2603,B Type,17:00,12:45,51.391286779571,-2.38322372466112
Pillar Box,CORK PLACE,BA1,1014,BOX800058,373644,165217,BA COLL - BATH,2603,Penfold,17:30,13:00,51.3853713742718,-2.38012779765022
Pillar Box,LOWER WESTON P.O.,BA1,1012,BOX800125,373037,165095,BA COLL - BATH,2603,Penfold,17:15,12:00,51.3842457859899,-2.38884096719509
Pillar Box,COMBE PARK,BA1,183,BOX800057,373075,166052,BA COLL - BATH,2603,B Type,17:30,12:15,51.3928523631632,-2.38836781369606
Pillar Box,WESTON GROVE,BA1,198,BOX800246,373114,166218,BA COLL - BATH,2603,Lamp Box Pier,17:00,12:45,51.3943467909641,-2.38781992801008
Pillar Box,UPPER LANSDOWN MEWS,BA1,59,BOX800232,374754,165875,BA COLL - BATH,2603,B Type,17:30,12:15,51.3913384181994,-2.36422427809986
Pillar Box,LANSDOWN ROAD,BA1,7,BOX800116,374901,165581,BA COLL - BATH,2603,Lamp Box Pier,17:30,12:15,51.3887014921598,-2.36209075500552
Pillar Box,CAVENDISH PLACE,BA1,224,BOX800037,374401,165759,BA COLL - BATH,2603,B Type,17:30,11:30,51.3902795264422,-2.369289087905
Pillar Box,ST ANDREWS P.O.,BA1,1009,BOX800186,374494,165550,BA COLL - BATH,2603,Penfold,17:15,12:45,51.3884045275774,-2.36793746712992
Pillar Box,GAY STREET,BA1,180,BOX800087,374774,165226,BA COLL - BATH,2603,A Type,17:30,12:45,51.3855038796919,-2.36389052165702
Pillar Box,UPPER CHURCH STREET,BA1,213,BOX800231,374576,165373,BA COLL - BATH,2603,B Type,17:30,12:00,51.3868167428312,-2.36674633097565
Pillar Box,MILSOM STREET,BA1,227,BOX800136,374920,165143,BA COLL - BATH,2603,A Type,17:30,12:45,51.3847640917158,-2.36178662909951
Pillar Box,RUSSELL STREET,BA1,102,BOX800185,374843,165345,BA COLL - BATH,2603,A Type,17:15,12:30,51.386576936182,-2.36290746876093
Pillar Box,JULIAN ROAD,BA1,128,BOX800106,374794,165482,BA COLL - BATH,2603,B Type,17:30,12:45,51.3878065768992,-2.36362137958393
Pillar Box,MARLBOROUGH BUILDINGS,BA1,87,BOX800130,374363,165417,BA COLL - BATH,2603,Lamp Box Pier,17:30,11:30,51.3872027393774,-2.36981039354701
Pillar Box,LANSDOWN ROAD,BA1,54,BOX800117,374531,166560,BA COLL - BATH,2603,A Type,17:30,12:15,51.3974875213427,-2.36747854662074
Pillar Box,RICHMOND ROAD,BA1,108,BOX800262,374729,166764,BA COLL - BATH,2603,Lamp Box Pier,17:30,12:00,51.3993306632033,-2.36464716097646
Pillar Box,NORTHFIELDS CLOSE,BA1,343,BOX800155,374704,166220,BA COLL - BATH,2603,Lamp Box Pier,17:30,11:30,51.3944382185662,-2.36496756232665
Pillar Box,SION ROAD,BA1,185,BOX800200,374393,166270,BA COLL - BATH,2603,B Type,17:30,11:30,51.3948737737668,-2.36944108856321
Pillar Box,SION HILL,BA1,139,BOX800199,374070,166073,BA COLL - BATH,2603,B Type,17:30,11:30,51.3930877310219,-2.37406904884416
Pillar Box,LANSDOWN CRECENT,BA1,202,BOX800114,374465,166030,BA COLL - BATH,2603,B Type,17:30,11:30,51.3927190957117,-2.36838890183091
Pillar Box,CHARLCOMBE,BA1,150,BOX800040,374755,167264,BA COLL - BATH,2603,Lamp Box Pier,11:30,10:30,51.403827526279,-2.36430917248989
Pillar Box,HAMILTON HOUSE,BA1,166,BOX800092,374129,167264,BA COLL - BATH,2603,B Type,17:30,12:15,51.403799188892,-2.37330830753331
Pillar Box,WOOLLEY,BA1,250,BOX800257,374960,168512,BA COLL - BATH,2603,C Type (Double Aperture),11:30,10:30,51.4150579117025,-2.36145069710357
Pillar Box,ASHCOMBE HOUSE,BA1,249,BOX800004,374665,169507,BA COLL - BATH,2603,C Type (Double Aperture),11:00,11:00,51.4239911594251,-2.36576399679041
Pillar Box,CHARLES STREET,BA1,1003,BOX800041,374645,164806,BA COLL - BATH,2603,Penfold,17:15,12:45,51.3817217057098,-2.36571411496648
Pillar Box,KINGSMEAD SQUARE,BA1,118,BOX800110,374806,164748,BA COLL - BATH,2603,A Type,17:30,12:45,51.3812074045623,-2.36339662119925
Pillar Box,QUEEN SQUARE,BA1,78,BOX800176,374772,164944,BA COLL - BATH,2603,A Type,17:30,12:45,51.382968207892,-2.36389913702079
Pillar Box,STALL STREET,BA1,84,BOX800211,375008,164772,BA COLL - BATH,2603,C Type (Double Aperture),17:30,12:30,51.3814321701872,-2.3604958716437
Pillar Box,CLEVELAND PLACE,BA1,67,BOX800050,375213,165715,BA COLL - BATH,2603,B Type,17:30,12:30,51.3899201208968,-2.35761643452871
Pillar Box,PARAGON,BA1,57,BOX800161,375047,165513,BA COLL - BATH,2603,B Type,17:30,12:30,51.3880965438884,-2.35998780347501
Pillar Box,CAMDEN ROAD,BA1,55,BOX800033,375125,165982,BA COLL - BATH,2603,B Type,17:00,12:00,51.3923169616565,-2.35889990293141
Pillar Box,WALCOT STREET,BA1,61,BOX800239,375066,165256,BA COLL - BATH,2603,Lamp Box Pier,17:30,12:30,51.3857865861056,-2.35969662970363
Pillar Box,HILL VIEW ROAD,BA1,105,BOX800098,375800,166896,BA COLL - BATH,2603,B Type,17:30,11:30,51.4005644510182,-2.3492614001348
Pillar Box,BAY TREE ROAD,BA1,324,BOX800115,375378,166787,BA COLL - BATH,2603,B Type,17:30,11:45,51.3995661399118,-2.35531989021198
Pillar Box,FAIRFIELD PARK ROAD,BA1,276,BOX800080,375124,166622,BA COLL - BATH,2603,Lamp Box Pier,17:30,11:45,51.3980714233964,-2.35895934142045
Pillar Box,GROSVENOR PLACE,BA1,144,BOX800090,375952,166145,BA COLL - BATH,2603,A Type,17:30,11:30,51.3938183873789,-2.34702531988863
Pillar Box,CLAREMONT ROAD,BA1,157,BOX800046,375778,166341,BA COLL - BATH,2603,Lamp Box Pier,17:15,12:00,51.3955732694122,-2.34953957727904
Pillar Box,KENSINGTON GARDENS,BA1,177,BOX800109,375531,166073,BA COLL - BATH,2603,Lamp Box Pier,17:00,12:00,51.3931529183723,-2.35307115931415
Pillar Box,FAIRFIELD ARMS,BA1,334,BOX800079,375425,166494,BA COLL - BATH,2603,B Type,17:30,11:45,51.3969337031234,-2.3546239107539
Pillar Box,SOLSBURY WAY,BA1,1,BOX800201,375122,166461,BA COLL - BATH,2603,Lamp Box Pier,17:30,11:30,51.3966237179616,-2.3589767497384
Pillar Box,ELDON PLACE,BA1,28,BOX800073,376016,166834,BA COLL - BATH,2603,Lamp Box Pier,17:30,11:30,51.4000162013537,-2.34615226857491
Pillar Box,SPA GARDENS,BA1,167,BOX800209,376167,166972,BA COLL - BATH,2603,B Type,17:30,11:30,51.4012634128355,-2.34399103949743
Pillar Box,SWAINSWICK P.O.,BA1,1033,BOX800217,376336,166915,BA COLL - BATH,2603,Penfold,17:15,11:45,51.4007580120701,-2.34155786823434
Pillar Box,LAMBRIDGE,BA1,210,BOX800112,376262,166394,BA COLL - BATH,2603,B Type,17:00,11:30,51.3960703719496,-2.34258657308801
Pillar Box,LARKHALL P.O.,BA1,1013,BOX800397,376070,166474,BA COLL - BATH,2603,Penfold,17:30,12:00,51.3967815806024,-2.34535165285965
Pillar Box,INNOX LANE,BA1,31,BOX800104,376140,167808,BA COLL - BATH,2603,Lamp Box Pier,10:30,10:00,51.4087790944239,-2.34443566733152
Pillar Box,BAILBROOK GARDENS,BA1,269,BOX800007,376620,167139,BA COLL - BATH,2603,Lamp Box Pier,17:15,11:45,51.4027839265364,-2.33749028679948
Pillar Box,BOX ROAD,BA1,176,BOX800026,378428,167222,BA COLL - BATH,2603,B Type,17:15,12:15,51.4036022324347,-2.31150469016078
Pillar Box,BATHEASTON PO BOX,BA1,123,BOX800212,378022,167424,BA COLL - BATH,2603,B Type,17:30,12:00,51.4054028328926,-2.31735377650191
Pillar Box,BARNFIELD WAY,BA1,270,BOX800009,378528,167562,BA COLL - BATH,2603,Lamp Box Pier,17:15,12:15,51.4066631387433,-2.31008781892932
Pillar Box,MEADOW PARK,BA1,335,BOX800131,378763,167441,BA COLL - BATH,2603,Lamp Box Pier,17:15,12:15,51.4055840707632,-2.30670203369043
Pillar Box,ELMHURST ESTATE,BA1,283,BOX800074,378104,167781,BA COLL - BATH,2603,B Type,17:00,12:15,51.4086159643471,-2.31619708486426
Pillar Box,HIGH BANNERDOWN,BA1,323,BOX800096,378761,167908,BA COLL - BATH,2603,Lamp Box Pier,17:15,12:15,51.4097829996572,-2.30675890514696
Pillar Box,SAINT CATHERINES,BA1,2,BOX800187,378157,169804,BA COLL - BATH,2603,Lamp Box Pier,12:00,11:00,51.4268076633241,-2.3155604194461
Pillar Box,BATTLEFIELDS,BA1,272,BOX800019,372291,170463,BA COLL - BATH,2603,Lamp Box Pier,10:00,09:00,51.432475283197,-2.39998172907865
Pillar Box,TADWICK,BA1,117,BOX800220,374245,170454,BA COLL - BATH,2603,Lamp Box Pier,11:00,10:00,51.4324869528698,-2.37187357348774
Pillar Box,BAILBROOK LANE (BOTTOM),BA1,229,BOX800008,377365,167172,BA COLL - BATH,2603,Lamp Box Pier,17:15,11:45,51.4031110166391,-2.32678276475951
Pillar Box,WARLEIGH,BA1,175,BOX800240,379420,164360,BA COLL - BATH,2603,Lamp Box Pier,09:30,08:30,51.3779056887037,-2.2970771996893
Pillar Box,BATHFORD HILL,BA1,119,BOX800014,379354,166817,BA COLL - BATH,2603,B Type,17:30,12:30,51.3999953445283,-2.29816913873073
Pillar Box,MOUNTAIN WOOD,BA1,292,BOX800142,379155,166627,BA COLL - BATH,2603,Lamp Box Pier,17:30,12:30,51.3982796482062,-2.30101844426815
Pillar Box,NORTH PARADE,BA1,14,BOX800151,375229,164688,BA COLL - BATH,2603,C Type (Double Aperture),17:30,12:30,51.3806866220716,-2.35731452128009
Pillar Box,SHOCKERWICK,BA1,316,BOX800266,380349,168502,BA COLL - BATH,2603,Lamp Box Pier,10:00,09:00,51.4151815043492,-2.28396038677531
Pillar Box,CLAREMONT POST OFFICE,BA1,1015,BOX800045,375524,166275,BA COLL - BATH,2603,Wall Box A Type,17:15,12:00,51.3949688823916,-2.35318576092889
Pillar Box,HIGH STREET BATHEASTON,BA1,1037,BOX800013,377723,167409,BA COLL - BATH,2603,Wall Box A Type,17:00,12:45,51.4052562343249,-2.32165130917529
Pillar Box,BATHFORD PO,BA1,1038,BOX800015,379126,166873,BA COLL - BATH,2603,Penfold,17:30,12:30,51.4004904752965,-2.30144984166045
Pillar Box,LONGACRE,BA1,1004,BOX800123,375412,165836,BA COLL - BATH,2603,Penfold,17:15,11:30,51.3910167819967,-2.3547649692158
Pillar Box,MOUNT BEACON,BA1,1025,BOX800140,375023,166258,BA COLL - BATH,2603,Ludlow Box,17:30,11:30,51.3947940908146,-2.36038536118749
Pillar Box,ROYAL UNITED HOSPITAL,BA1,299,BOX800273,372908,165929,BA COLL - BATH,2603,Penfold,17:30,11:30,51.3917384389095,-2.39075853410151
Pillar Box,SAFEWAY,BA1,354,BOX800395,375694,165908,BA COLL - BATH,2603,Penfold,16:15,11:30,51.3916763723341,-2.35071712225173
Pillar Box,UPPER SWAINSWICK,BA1,17,BOX800463,375933,168376,BA COLL - BATH,2603,Lamp Box Pier,10:00,10:00,51.4138774205706,-2.34745048679556
Pillar Box,BATH SPA STATION,BA1,71,BOX800366,375275,164354,BA COLL - BATH,2603,Lamp Box Pier,17:30,11:30,51.377685495306,-2.35663021997598
Pillar Box,BATH SPA STATION,BA1,217,BOX800367,375269,164337,BA COLL - BATH,2603,Lamp Box Pier,17:30,11:30,51.3775323781682,-2.35671523574082
Pillar Box,BATH HEAD OFICE,BA1,500,BOX800010,375037,164995,BA COLL - BATH,2603,Lamp Box Wall,17:30,13:00,51.3834385419855,-2.36009492771223
Pillar Box,BATH DELIVERY OFFICE,BA1,501,BOX800300,375338,164450,BA COLL - BATH,2603,B Type,18:30,13:00,51.3785514272614,-2.35573176611583
Pillar Box,GLOUCESTER ROAD,BA1,290,BOX800290,375285,169819,BA COLL - BATH,2603,Lamp Box Pier,11:00,10:30,51.4268239699391,-2.35686904721812
Pillar Box,CRESCENT GARDENS,BA1,70,BOX800063,374424,165017,BA COLL - BATH,2603,B Type,17:30,13:00,51.3836089361002,-2.36890485939889
Pillar Box,NORTHEND,BA1,24,BOX800154,377828,168133,BA COLL - BATH,2603,Penfold,12:15,12:00,51.4117701663986,-2.32018731463193
Pillar Box,LOWER BOROUGH WALLS,BA1,1002,BOX800478,375041,164593,BA COLL - BATH,2603,A Type,17:30,12:00,51.3798241617861,-2.3600090715007
Pillar Box,WESTON POST OFFICE,BA1,1021,BOX800247,372740,166496,BA COLL - BATH,2603,A Type,17:30,12:30,51.396828471407,-2.39321672739319
Pillar Box,WINSLEY HILL,BA2,154,BOX801343,378604,160988,BA COLL - BATH,2603,B Type,10:00,09:00,51.3475559771665,-2.30859715514448
Pillar Box,MIDDLE STOKE,BA2,140,BOX800317,378115,160671,BA COLL - BATH,2603,Lamp Box Pier,10:00,09:00,51.3446869412407,-2.31559866495841
Pillar Box,CLAVERTON,BA2,130,BOX800047,378954,164122,BA COLL - BATH,2603,Lamp Box Pier,12:00,11:00,51.375748533176,-2.30375832385197
Pillar Box,TELLISFORD,BA2,43,BOX800221,380015,155594,BA COLL - BATH,2603,Wall Box B Type,16:15,08:30,51.299107005181,-2.28803362071266
Pillar Box,MIDFORD LANE,BA2,169,BOX800261,377963,160676,BA COLL - BATH,2603,Lamp Box Pier,12:00,10:30,51.3447259947063,-2.31778126853917
Pillar Box,MILL LANE,BA2,126,BOX800135,377288,162004,BA COLL - BATH,2603,B Type,11:30,09:30,51.3566400143737,-2.32755756724157
Pillar Box,PARRYS HILL,BA2,204,BOX800163,377025,162256,BA COLL - BATH,2603,Lamp Box Pier,11:30,11:00,51.3588952434732,-2.33135084487995
Pillar Box,BRASSKNOCKER HILL,BA2,94,BOX800029,377978,162675,BA COLL - BATH,2603,Lamp Box Pier,12:00,11:00,51.3627006229621,-2.31769030067384
Pillar Box,CLAVERTON DOWN (FLATWOODS ROAD,BA2,194,BOX800048,377774,163005,BA COLL - BATH,2603,A Type,12:00,12:00,51.3656598299239,-2.32064105115134
Pillar Box,UNIVERSITY,BA2,107,BOX800229,377296,164229,BA COLL - BATH,2603,B Type,17:00,11:45,51.3766463986805,-2.32758550479422
Pillar Box,QUARRY ROCK GARDENS,BA2,251,BOX800175,377030,164029,BA COLL - BATH,2603,Lamp Box Pier,17:30,12:30,51.374837349859,-2.33139417550264
Pillar Box,DOWN LANE,BA2,170,BOX800067,377521,165917,BA COLL - BATH,2603,B Type,17:30,12:30,51.3918329904469,-2.32446028586805
Pillar Box,SHAFT ROAD (TOP),BA2,88,BOX800194,376553,162711,BA COLL - BATH,2603,B Type,17:30,11:30,51.3629669885831,-2.33815966810515
Pillar Box,ST WINIFREDS DRIVE,BA2,336,BOX800192,376607,162565,BA COLL - BATH,2603,Lamp Box Pier,16:00,11:00,51.3616564691552,-2.33737442054528
Pillar Box,HADLEY ARMS,BA2,189,BOX800091,376087,162652,BA COLL - BATH,2603,B Type,17:15,11:30,51.3624169681682,-2.34484877551247
Pillar Box,PRIOR PARK COLLEGE,BA2,236,BOX800171,376022,162933,BA COLL - BATH,2603,B Type,17:15,11:30,51.3649408195871,-2.34580139170451
Pillar Box,TYNING ROAD,BA2,121,BOX800228,376268,162367,BA COLL - BATH,2603,B Type,17:30,11:30,51.3598620235468,-2.34223001560731
Pillar Box,SUMMER LANE,BA2,266,BOX800216,376234,162157,BA COLL - BATH,2603,Lamp Box Pier,16:30,08:30,51.3579723828884,-2.34270421881185
Pillar Box,MACAULAY BUILDINGS,BA2,34,BOX800128,376408,163902,BA COLL - BATH,2603,Lamp Box Pier,17:30,12:45,51.3736698010877,-2.34032171822656
Pillar Box,BATHWICK HILL,BA2,164,BOX800016,376243,164564,BA COLL - BATH,2603,Lamp Box Pier,17:30,12:00,51.3796152335671,-2.3427366244397
Pillar Box,CLEVELAND WALK,BA2,68,BOX800051,376065,164723,BA COLL - BATH,2603,Lamp Box Pier,17:30,12:00,51.38103736053,-2.34530490656308
Pillar Box,WOODHILL PLACE,BA2,10,BOX800256,376852,164324,BA COLL - BATH,2603,Lamp Box Pier,17:00,11:45,51.3774825672518,-2.33397074432534
Pillar Box,BATHAMPTON LANE,BA2,143,BOX800011,376885,165961,BA COLL - BATH,2603,B Type,17:15,12:15,51.3922029310818,-2.33360370466028
Pillar Box,MINSTER WAY,BA2,315,BOX800138,376325,165600,BA COLL - BATH,2603,Lamp Box Pier,17:30,12:30,51.388933817172,-2.34162784413573
Pillar Box,CLEVELAND WALK (MIDDLE),BA2,172,BOX800052,376248,165040,BA COLL - BATH,2603,B Type,17:30,12:00,51.3838953748217,-2.3426967700047
Pillar Box,NORTH ROAD (BATHWICK),BA2,131,BOX800153,376037,165372,BA COLL - BATH,2603,Lamp Box Pier,17:30,12:30,51.386871621509,-2.34575122718471
Pillar Box,BATHWICK STREET P.O.,BA2,1002,BOX800018,375569,165377,BA COLL - BATH,2603,Penfold,17:15,12:15,51.3868965287057,-2.35247688914854
Pillar Box,PULTENEY STREET,BA2,146,BOX800174,375535,165150,BA COLL - BATH,2603,Penfold,17:30,12:00,51.3848540011823,-2.35294976747431
Pillar Box,SYDNEY PLACE,BA2,18,BOX800219,375742,165163,BA COLL - BATH,2603,B Type,17:30,12:00,51.3849798175266,-2.34997613119443
Pillar Box,LAURA PLACE,BA2,145,BOX800119,375273,165005,BA COLL - BATH,2603,Penfold,17:30,12:00,51.3835388352323,-2.35670448439594
Pillar Box,SAINT JOHNS ROAD,BA2,5,BOX800188,375241,165354,BA COLL - BATH,2603,B Type,17:00,12:00,51.3866754436444,-2.35718874744973
Pillar Box,WIDCOMBE HILL,BA2,149,BOX800252,375767,164083,BA COLL - BATH,2603,B Type,17:30,12:45,51.375270127185,-2.34954285882866
Pillar Box,SAINT MARKS ROAD,BA2,46,BOX800267,375271,164207,BA COLL - BATH,2603,B Type,17:30,13:00,51.3763635777649,-2.35667741020618
Pillar Box,WIDCOMBE PARADE P.O.,BA2,1016,BOX800253,375450,164225,BA COLL - BATH,2603,Penfold,17:30,11:30,51.376533229195,-2.35410695993938
Pillar Box,LYNCOMBE HILL,BA2,15,BOX800126,375423,164056,BA COLL - BATH,2603,Lamp Box Pier,17:30,13:00,51.3750125004741,-2.35448312656417
Pillar Box,FORESTER ROAD,BA2,223,BOX800084,375708,165588,BA COLL - BATH,2603,K Type,17:30,12:15,51.3887997167729,-2.35049391609422
Pillar Box,WELLS ROAD,BA2,83,BOX800243,374715,164305,BA COLL - BATH,2603,Lamp Box Pier,17:30,12:00,51.3772201342319,-2.36467248245886
Pillar Box,LOWER OLDFIELD PARK,BA2,151,BOX800124,374285,164293,BA COLL - BATH,2603,Lamp Box Pier,17:30,12:45,51.3770928344185,-2.37084954155884
Pillar Box,JUNCTION ROAD,BA2,103,BOX800107,374046,164260,BA COLL - BATH,2603,B Type,17:30,11:30,51.3767851922565,-2.37428088962284
Pillar Box,UPPER OLDFIELD PARK,BA2,161,BOX800233,374355,164103,BA COLL - BATH,2603,B Type,17:30,13:00,51.3753876427778,-2.36983005884321
Pillar Box,OLD MIDFORD ROAD,BA2,35,BOX800160,375967,160784,BA COLL - BATH,2603,Lamp Box Pier,12:00,12:00,51.3456157739793,-2.34644549795383
Pillar Box,QUEENS DRIVE,BA2,301,BOX800177,375070,162585,BA COLL - BATH,2603,B Type,17:30,12:00,51.3617706057257,-2.35945089337237
Pillar Box,MEARE ROAD,BA2,162,BOX800132,375117,162902,BA COLL - BATH,2603,Lamp Box Pier,17:30,12:00,51.3646229705535,-2.35879814466098
Pillar Box,BRADFORD ROAD (MOD),BA2,221,BOX800027,375508,162402,BA COLL - BATH,2603,B Type,17:30,12:00,51.3601443103809,-2.35314746705788
Pillar Box,BRADFORD ROAD P.O.,BA2,1008,BOX800028,375073,162276,BA COLL - BATH,2603,Penfold,17:15,12:00,51.3589923742125,-2.35938604653902
Pillar Box,ABBEY CEMETERY,BA2,12,BOX800000,375789,163763,BA COLL - BATH,2603,B Type,17:30,12:45,51.3723938038207,-2.34920488463196
Pillar Box,GREENWAY LANE,BA2,225,BOX800089,375134,163603,BA COLL - BATH,2603,B Type,17:30,12:45,51.3709267305991,-2.35860323191231
Pillar Box,LYNCOMBE VALE ROAD,BA2,191,BOX800127,375378,163592,BA COLL - BATH,2603,B Type,17:30,12:45,51.3708385071203,-2.35509732453169
Pillar Box,PERRYMEAD,BA2,79,BOX800168,375606,163388,BA COLL - BATH,2603,B Type,17:30,12:45,51.3690141362842,-2.3518079658429
Pillar Box,SYDNEY BUILDINGS,BA2,42,BOX800218,375860,164658,BA COLL - BATH,2603,B Type,17:30,12:15,51.3804441932631,-2.34824601301034
Pillar Box,PULTENEY ROAD,BA2,111,BOX800173,375660,164622,BA COLL - BATH,2603,B Type,17:30,12:15,51.3801119196494,-2.35111719895161
Pillar Box,CROSS KEYS,BA2,196,BOX800064,374807,161837,BA COLL - BATH,2603,B Type,17:30,12:30,51.3550333301246,-2.36317499361096
Pillar Box,SOUTHSTOKE,BA2,275,BOX800208,374709,161280,BA COLL - BATH,2603,C Type (Double Aperture),12:00,12:00,51.3500207042268,-2.36454253247349
Pillar Box,ENTRY HILL (LOWER),BA2,101,BOX800077,374718,162960,BA COLL - BATH,2603,Lamp Box Pier,17:30,12:00,51.3651267725618,-2.36453326487949
Pillar Box,ENTRY HILL (UPPER),BA2,122,BOX800078,374777,162239,BA COLL - BATH,2603,A Type,17:30,12:00,51.3586465638168,-2.36363444132896
Pillar Box,MIDFORD ROAD (GLASSHOUSE),BA2,186,BOX800134,374486,162053,BA COLL - BATH,2603,B Type,17:30,12:30,51.3569610968894,-2.36780022786377
Pillar Box,ODD DOWN CORNER,BA2,77,BOX800158,374131,162371,BA COLL - BATH,2603,A Type,17:30,12:15,51.3598042539708,-2.37292159476236
Pillar Box,BEAR FLAT P.O.,BA2,1006,BOX801518,374574,163935,BA COLL - BATH,2603,Penfold,17:00,12:00,51.3738869758392,-2.36667167271514
Pillar Box,SHAKESPEARE AVENUE,BA2,22,BOX800195,374869,163926,BA COLL - BATH,2603,A Type,16:00,12:45,51.3738192472893,-2.36243298964211
Pillar Box,MILTON AVENUE,BA2,56,BOX800137,374612,163693,BA COLL - BATH,2603,B Type,16:00,12:45,51.3717127549282,-2.36610838792535
Pillar Box,BLOOMFIELD AVENUE,BA2,72,BOX800023,374246,163864,BA COLL - BATH,2603,B Type,17:30,11:45,51.3732337334734,-2.37137863003132
Pillar Box,WILLOW GREEN,BA2,282,BOX800254,374004,163643,BA COLL - BATH,2603,A Type,17:30,11:30,51.3712355484851,-2.37483897073228
Pillar Box,DEVONSHIRE BUILDINGS,BA2,66,BOX801515,374630,163471,BA COLL - BATH,2603,B Type,17:30,12:15,51.3697174620796,-2.36583388875486
Pillar Box,WELLSWAY,BA2,243,BOX800244,374583,163000,BA COLL - BATH,2603,Lamp Box Pier,17:30,12:15,51.3654803775849,-2.36647521061159
Pillar Box,CASTLE GARDENS,BA2,220,BOX800036,374404,163216,BA COLL - BATH,2603,B Type,16:00,12:45,51.3674144550981,-2.36906191920397
Pillar Box,HENSLEY ROAD,BA2,277,BOX800095,374365,163479,BA COLL - BATH,2603,B Type,17:45,11:30,51.3697774382117,-2.36964117633024
Pillar Box,BLOOMFIELD PARK,BA2,41,BOX800025,374235,163323,BA COLL - BATH,2603,B Type,17:30,13:00,51.3683688629498,-2.37149726132081
Pillar Box,HIGH STREET,BA2,235,BOX800097,372519,164678,BA COLL - BATH,2603,B Type,17:30,12:15,51.380471422746,-2.39625193682035
Pillar Box,HAYCOMBE DRIVE,BA2,308,BOX800094,372194,164089,BA COLL - BATH,2603,B Type,17:30,12:30,51.3751595953201,-2.40087532636936
Pillar Box,SHARPSTONE,BA2,91,BOX800196,378400,159619,BA COLL - BATH,2603,Lamp Box Pier,12:00,10:00,51.3352387975477,-2.31144270140879
Pillar Box,PARK CORNER FRESHFORD,BA2,27,BOX800162,378173,159826,BA COLL - BATH,2603,Lamp Box Wall,12:00,12:00,51.3370913321747,-2.31471386839183
Pillar Box,RUSH HILL (LOWER),BA2,181,BOX800183,372752,162940,BA COLL - BATH,2603,Lamp Box Pier,17:30,12:45,51.3648556234082,-2.39277030623934
Pillar Box,MOUNT ROAD,BA2,258,BOX800141,372568,163537,BA COLL - BATH,2603,Lamp Box Pier,17:15,12:30,51.3702146062756,-2.39545943093246
Pillar Box,SOUTHDOWN ROAD,BA2,1030,BOX800205,372925,163622,BA COLL - BATH,2603,Penfold,17:15,12:45,51.3709960842054,-2.3903376095081
Pillar Box,WHITEWAY P.O.,BA2,1036,BOX800251,372509,163781,BA COLL - BATH,2603,Penfold,17:30,12:30,51.3724056457822,-2.39632592197159
Pillar Box,HAYCOMBE CEMETERY,BA2,342,BOX800093,372182,163566,BA COLL - BATH,2603,Lamp Box Pier,17:30,12:45,51.3704564997044,-2.40100661522361
Pillar Box,NEWTON ROAD,BA2,285,BOX800461,371930,164757,BA COLL - BATH,2603,A Type,17:30,12:15,51.3811528011416,-2.40472110117218
Pillar Box,WEDGEWOOD ROAD P.O.,BA2,1029,BOX800241,371965,164224,BA COLL - BATH,2603,Penfold,17:30,12:30,51.3763621254253,-2.40417596911412
Pillar Box,WOOLVERTON,BA2,147,BOX800258,379223,154016,BA COLL - BATH,2603,Lamp Box Pier,17:00,11:00,51.2848896995684,-2.2993009273493
Pillar Box,"FARLEIGH, HUNGERFORD",BA2,29,BOX800081,379720,157277,BA COLL - BATH,2603,Lamp Box Pier,16:15,08:30,51.3142293946353,-2.29236103034025
Pillar Box,STAPLES HILL,BA2,296,BOX800214,379135,159507,BA COLL - BATH,2603,Lamp Box Pier,11:30,11:00,51.3342593411953,-2.30088572598465
Pillar Box,NAILWELL,BA2,93,BOX800143,370621,160803,BA COLL - BATH,2603,Lamp Box Pier,12:00,12:00,51.3455343141815,-2.42320138055507
Pillar Box,INGLESBATCH,BA2,45,BOX800103,370354,161402,BA COLL - BATH,2603,Lamp Box Pier,12:00,12:00,51.3509062521854,-2.42708486721437
Pillar Box,COMBE HAY,BA2,234,BOX800055,373617,160005,BA COLL - BATH,2603,Penfold,12:00,10:00,51.3385067032571,-2.38012738520033
Pillar Box,UPPER WELLSWAY,BA2,32,BOX800235,373567,161897,BA COLL - BATH,2603,Penfold,17:30,12:45,51.355516226613,-2.38098627954202
Pillar Box,CRANMORE PLACE,BA2,287,BOX800287,373982,161967,BA COLL - BATH,2603,B Type,17:30,12:30,51.3561648701299,-2.3750318221934
Pillar Box,BLOOMFIELD CRESCENT,BA2,120,BOX800024,373877,162886,BA COLL - BATH,2603,B Type,17:30,12:45,51.3644231741836,-2.37660749944679
Pillar Box,AMBLESIDE ROAD,BA2,92,BOX800001,373012,162942,BA COLL - BATH,2603,Lamp Box Pier,17:30,12:45,51.3648860736672,-2.38903597989743
Pillar Box,RUSH HILL,BA2,13,BOX800152,373157,162705,BA COLL - BATH,2603,B Type,17:30,12:45,51.362762004839,-2.3869353180745
Pillar Box,CORSTON VIEW,BA2,259,BOX800359,373431,162719,BA COLL - BATH,2603,Lamp Box Pier,17:30,12:45,51.3629008239951,-2.3830009792484
Pillar Box,ODD DOWN P.O.,BA2,1035,BOX800159,373726,162395,BA COLL - BATH,2603,Penfold,17:15,12:15,51.3600013780299,-2.37873991301147
Pillar Box,VERNHAM GROVE,BA2,325,BOX800236,373460,162121,BA COLL - BATH,2603,B Type,17:30,12:45,51.3575253014619,-2.38253963616708
Pillar Box,POPLAR CLOSE,BA2,231,BOX800170,373643,163732,BA COLL - BATH,2603,Lamp Box Pier,17:00,11:30,51.3720190699491,-2.38003150750266
Pillar Box,CORONATION AVENUE,BA2,36,BOX800059,373241,163584,BA COLL - BATH,2603,B Type,17:00,13:00,51.3706694541691,-2.38579529926827
Pillar Box,IVY AVENUE,BA2,320,BOX800105,373223,163731,BA COLL - BATH,2603,B Type,17:15,13:00,51.3719903413458,-2.38606499626534
Pillar Box,KINGSWAY P.O.,BA2,1027,BOX800111,373134,163278,BA COLL - BATH,2603,Penfold,17:15,13:00,51.3679130034435,-2.38730914752842
Pillar Box,BROUGHAM HAYES,BA2,165,BOX800031,373930,164556,BA COLL - BATH,2603,B Type,17:30,11:45,51.379441315167,-2.37596929509196
Pillar Box,EAST TWERTON P.O.,BA2,1020,BOX800071,373966,164760,BA COLL - BATH,2603,Penfold,17:30,12:00,51.3812772247047,-2.37546706595755
Pillar Box,CHARLTON BUILDINGS,BA2,125,BOX800042,373439,164847,BA COLL - BATH,2603,B Type,17:30,12:00,51.382034954127,-2.38304581715145
Pillar Box,TWERTON ON AVON,BA2,353,BOX800227,373090,164681,BA COLL - BATH,2603,A Type,17:30,12:00,51.3805258704677,-2.3880478844567
Pillar Box,THIRD AVENUE,BA2,21,BOX800224,373862,164135,BA COLL - BATH,2603,B Type,17:30,11:45,51.3756527845866,-2.37691520611563
Pillar Box,MOORFIELDS P.O,BA2,1017,BOX800400,373708,164342,BA COLL - BATH,2603,Penfold,17:30,11:45,51.3775068668477,-2.37914307538531
Pillar Box,SOUTH AVENUE,BA2,230,BOX800202,373482,164339,BA COLL - BATH,2603,Lamp Box Pier,17:15,11:45,51.3774693345285,-2.38238987214995
Pillar Box,SHOPHOUSE ROAD,BA2,86,BOX800197,373015,164296,BA COLL - BATH,2603,B Type,17:15,12:00,51.3770606019162,-2.38909613549125
Pillar Box,ST JULIANS ROAD,BA2,273,BOX800189,371763,156200,BA COLL - BATH,2603,Lamp Box Pier,12:00,11:30,51.3042046796072,-2.40643910549013
Pillar Box,SHOSCOMBE,BA2,75,BOX800471,371080,156457,BA COLL - BATH,2603,Lamp Box Pier,10:30,09:30,51.3064810603873,-2.4162572460836
Pillar Box,DUNKERTON (SWAN),BA2,237,BOX800070,371585,159481,BA COLL - BATH,2603,Lamp Box Pier,10:00,09:00,51.3336968310949,-2.40925500917539
Pillar Box,FREDERICK AVENUE,BA2,303,BOX800085,370187,156990,BA COLL - BATH,2603,Lamp Box Pier,17:15,10:00,51.3112272553601,-2.42911213039961
Pillar Box,NORTH HILL,BA2,47,BOX800150,370552,159966,BA COLL - BATH,2603,Lamp Box Pier,10:00,09:00,51.3380049041237,-2.42412252578923
Pillar Box,LAVERTON,BA2,74,BOX800120,377814,153183,BA COLL - BATH,2603,Lamp Box Pier,17:15,11:00,51.2773462454557,-2.31945192622883
Pillar Box,HINTON CHARTERHOUSE,BA2,174,BOX800100,377184,158162,BA COLL - BATH,2603,Lamp Box Pier,17:30,11:30,51.322090368492,-2.3288036579004
Pillar Box,PIPEHOUSE LANE,BA2,327,BOX800169,377790,159856,BA COLL - BATH,2603,Lamp Box Pier,12:00,10:00,51.3373461666723,-2.32021364209781
Pillar Box,KINGWELL,BA2,135,BOX800275,364613,159610,BA COLL - BATH,2603,Lamp Box Pier,11:00,10:30,51.3344641166449,-2.50934013359791
Pillar Box,TYNINGS,BA2,203,BOX800263,365900,158939,BA COLL - BATH,2603,Lamp Box Wall,11:00,10:00,51.3285098226685,-2.49080249688058
Pillar Box,RADFORD TIMSBURY,BA2,26,BOX800210,367243,157773,BA COLL - BATH,2603,B Type,12:00,11:00,51.318105071557,-2.47142039607869
Pillar Box,NORTH ROAD,BA2,39,BOX800281,367165,158856,BA COLL - BATH,2603,Wall Box B Type,17:15,10:00,51.3278382421444,-2.47263971936024
Pillar Box,TIMSBURY BOTTOM,BA2,159,BOX800223,366128,158368,BA COLL - BATH,2603,Lamp Box Wall,11:00,10:00,51.3233894211875,-2.48747581511319
Pillar Box,GREENVALE,BA2,310,BOX800392,366643,158267,BA COLL - BATH,2603,Lamp Box Wall,11:30,11:30,51.322511832007,-2.48007595060907
Pillar Box,BLOOMFIELD ROAD,BA2,192,BOX800280,366656,159306,BA COLL - BATH,2603,Lamp Box Wall,12:00,12:00,51.3318546417841,-2.47998697125609
Pillar Box,SKINNERS HILL,BA2,40,BOX800190,368472,157403,BA COLL - BATH,2603,Lamp Box Wall,11:00,10:00,51.3148479315197,-2.45375306457891
Pillar Box,MEADGATE,BA2,193,BOX800284,368034,158662,BA COLL - BATH,2603,Lamp Box Pier,11:00,10:00,51.3261435964403,-2.46015064438817
Pillar Box,WICK LANE,BA2,344,BOX800184,368926,158068,BA COLL - BATH,2603,Lamp Box Wall,10:00,09:00,51.3208523063274,-2.44729741159934
Pillar Box,CHURCH ROAD,BA2,321,BOX800044,369897,157669,BA COLL - BATH,2603,Lamp Box Pier,10:30,09:30,51.3173171294485,-2.43333017534771
Pillar Box,NEW BUILDINGS,BA2,114,BOX800144,369603,157550,BA COLL - BATH,2603,Lamp Box Pier,10:00,09:00,51.3162314543224,-2.43753843342806
Pillar Box,CARLINGCOTT,BA2,73,BOX800035,369671,158129,BA COLL - BATH,2603,Lamp Box Pier,10:30,10:30,51.3214411458894,-2.43661221175013
Pillar Box,TUNLEY,BA2,97,BOX800181,369481,159477,BA COLL - BATH,2603,Lamp Box Pier,12:00,12:00,51.3335513947708,-2.43945456210449
Pillar Box,HOBBS WALL,BA2,134,BOX800276,365013,160164,BA COLL - BATH,2603,Wall Box B Type,11:00,09:30,51.3394701524278,-2.50365328142919
Pillar Box,FARMBOROUGH,BA2,305,BOX800277,365979,160789,BA COLL - BATH,2603,Lamp Box Pier,12:00,11:00,51.3451485736006,-2.48984604550608
Pillar Box,STANTON PRIOR,BA2,294,BOX800213,367816,162748,BA COLL - BATH,2603,Lamp Box Pier,11:00,10:00,51.3628700180684,-2.46364996886035
Pillar Box,WHEATSHEAF,BA2,291,BOX800250,367589,164622,BA COLL - BATH,2603,Lamp Box Pier,11:00,10:00,51.3797068157791,-2.46708179317506
Pillar Box,PRISTON,BA2,219,BOX800172,369353,160533,BA COLL - BATH,2603,Lamp Box Pier,12:00,12:00,51.3430394155172,-2.4413830422671
Pillar Box,WILMINGTON,BA2,284,BOX800255,369342,162476,BA COLL - BATH,2603,Lamp Box Pier,11:30,11:30,51.3605090937468,-2.4417090165303
Pillar Box,CORSTON P.O.,BA2,289,BOX800060,369491,165429,BA COLL - BATH,2603,Lamp Box Pier,16:15,11:00,51.3870686320907,-2.43982358411268
Pillar Box,STIRTINGALE ROAD,BA2,341,BOX800215,373403,163190,BA COLL - BATH,2603,Lamp Box Pier,17:30,13:00,51.3671344746155,-2.38343852563629
Pillar Box,ENGLISHCOMBE LANE,BA2,160,BOX800075,373946,163209,BA COLL - BATH,2603,Lamp Box Pier,17:30,13:00,51.367330594033,-2.3756402103859
Pillar Box,CAMERTON,BA2,95,BOX800034,368102,157928,BA COLL - BATH,2603,Lamp Box Pier,10:30,10:00,51.3195477299952,-2.45910883269716
Pillar Box,SULIS MANOR ROAD,BA2,98,BOX800268,373827,161630,BA COLL - BATH,2603,M Type,17:30,12:45,51.3531275971004,-2.37723282448311
Pillar Box,ENGLISHCOMBE P O,BA2,104,BOX800076,371851,162827,BA COLL - BATH,2603,Lamp Box Pier,15:45,11:00,51.3637954684245,-2.40570270750971
Pillar Box,CROSSWAYS,BA2,113,BOX800065,371872,160596,BA COLL - BATH,2603,Lamp Box Pier,10:00,09:00,51.343736631402,-2.40522396523429
Pillar Box,PEASEDOWN ST JOHN P.O.,BA2,179,BOX800165,370292,157445,BA COLL - BATH,2603,A Type,17:30,11:30,51.3153238860678,-2.42764379588792
Pillar Box,NORTON ST PHILIP P. O.,BA2,184,BOX800157,377311,155917,BA COLL - BATH,2603,B Type,17:30,11:00,51.3019093910646,-2.32683763072166
Pillar Box,FARMBOROUGH P.O.,BA2,238,BOX800462,366233,160617,BA COLL - BATH,2603,K Type,17:00,11:00,51.3436172615329,-2.48618298672891
Pillar Box,TIMSBURY P.O.,BA2,239,BOX800225,366877,158678,BA COLL - BATH,2603,A Type,17:15,11:00,51.3262210154749,-2.47675638935839
Pillar Box,BATHAMPTON P.O.,BA2,241,BOX800012,377664,166396,BA COLL - BATH,2603,B Type,17:15,12:15,51.3961455720635,-2.32243539909032
Pillar Box,MARKSBURY P.O.,BA2,293,BOX800129,366694,162557,BA COLL - BATH,2603,C Type (Double Aperture),16:30,09:30,51.3610877610336,-2.47974684759021
Pillar Box,FOUNDRY COTTAGES,BA2,297,BOX800279,366588,159829,BA COLL - BATH,2603,Lamp Box Wall,12:00,12:00,51.3365531221579,-2.48101220152863
Pillar Box,UNIVERSITY EAST,BA2,348,BOX800230,377298,164624,BA COLL - BATH,2603,K Type,17:15,11:45,51.3801981100028,-2.32758214083453
Pillar Box,HILLSIDE VIEW,BA2,253,BOX800099,370232,157811,BA COLL - BATH,2603,Lamp Box Pier,10:30,09:30,51.3186116124191,-2.42853534518262
Pillar Box,WELLOW,BA2,271,BOX800242,373953,158274,BA COLL - BATH,2603,Lamp Box Pier,16:15,10:00,51.3229579824881,-2.37517691921297
Pillar Box,LIMPLEY STOKE P.O.,BA2,279,BOX800121,378167,161023,BA COLL - BATH,2603,B Type,16:00,11:00,51.3478539708676,-2.31487379838868
Pillar Box,OVERDALE,BA2,280,BOX800182,368743,159144,BA COLL - BATH,2603,Lamp Box Wall,12:00,12:00,51.3305170124018,-2.45001810855793
Pillar Box,FRESHFORD P.O.,BA2,281,BOX800086,378845,160110,BA COLL - BATH,2603,B Type,16:00,11:00,51.3396704730867,-2.30508438889525
Pillar Box,NEWTON ST LOE P.O.,BA2,288,BOX800149,370323,164793,BA COLL - BATH,2603,Lamp Box Pier,16:00,10:30,51.3813944174191,-2.42781417285989
Pillar Box,DUNKERTON,BA2,6,BOX800069,370944,159390,BA COLL - BATH,2603,A Type,10:00,09:00,51.3328460829401,-2.41844821015674
Pillar Box,UNIVERSITY P.O.,BA2,1026,BOX800269,377188,164701,BA COLL - BATH,2603,Penfold,17:15,11:45,51.3808860204597,-2.32916762141818
Pillar Box,ASHGROVE PEASEDOWN,BA2,23,BOX800005,370693,157746,BA COLL - BATH,2603,Lamp Box Pier,17:30,11:00,51.3180511971535,-2.42191514941304
Pillar Box,BATH ROAD (TOP) FARMBOROUGH,BA2,124,BOX800278,365685,160550,BA COLL - BATH,2603,Lamp Box Pier,11:00,10:00,51.3429819094426,-2.49404389129787
Pillar Box,FARLEIGH HUNGERFORD P.O,BA2,16,BOX800082,380302,157631,BA COLL - BATH,2603,Lamp Box Pier,16:15,08:30,51.3174329875789,-2.2840303296247
Pillar Box,HOLCOMBE LANE,BA2,106,BOX800101,377723,166089,BA COLL - BATH,2603,A Type,17:30,12:30,51.3933875285483,-2.32156800623119
Pillar Box,TELLISFORD LANE NORTON ST PHILLIP,BA2,318,BOX800222,377632,155604,BA COLL - BATH,2603,Lamp Box Pier,17:30,08:45,51.2991077914089,-2.32221354068875
Pillar Box,APPLECROFT SHOSCOMBE,BA2,81,BOX800002,371359,156491,BA COLL - BATH,2603,Lamp Box Pier,10:30,09:30,51.3068009369942,-2.4122577013741
Pillar Box,MURHILL LIMPLEY STOKE,BA2,33,BOX801342,379598,160696,BA COLL - BATH,2603,C Type (Modified),10:00,09:00,51.3449672016363,-2.29430835999521
Pillar Box,WESTMORELAND P.O.,BA2,1023,BOX800399,374335,164550,BA COLL - BATH,2603,Penfold,17:15,11:30,51.3794059048347,-2.37014982962028
Pillar Box,BATHWICK HILL P.O.,BA2,1001,BOX800017,375776,164922,BA COLL - BATH,2603,Penfold,17:30,12:00,51.3828143391858,-2.34947104304029
Pillar Box,BLAGDON PARK,BA2,351,BOX800022,372231,163690,BA COLL - BATH,2603,Penfold,17:30,12:30,51.3715738428688,-2.40031245350441
Pillar Box,COMBE DOWN P.O.,BA2,1011,BOX800054,375769,162243,BA COLL - BATH,2603,Penfold,17:15,11:30,51.3587259117878,-2.34938810786707
Pillar Box,BRAYSDOWN,BA2,44,BOX800178,370470,156117,BA COLL - BATH,2603,Lamp Box Pier,10:30,09:30,51.3033925078248,-2.42497949841511
Pillar Box,TWERTON ON AVON,BA2,1022,BOX800318,372655,164595,BA COLL - BATH,2603,Penfold,17:30,12:00,51.3797317320863,-2.394291437257
Pillar Box,ORCHARD WAY,BA2,100,BOX800265,370770,157281,BA COLL - BATH,2603,K Type,17:30,10:30,51.31387414014,-2.42077202581611
